{"cameraMode":{"drawMode":0,"name":"Shaded","section":"Shading Mode"},"sceneLighting":false,"audioPlay":false,"sceneViewState":{"showFog":true,"showMaterialUpdate":true,"showSkybox":false,"showFlares":true,"showImageEffects":true,"showParticleSystems":true},"in2DMode":false,"pivot":{"x":-0.09238862991333008,"y":1.0049999952316285,"z":-0.26075172424316409},"rotation":{"x":-0.34687310457229617,"y":0.018847433850169183,"z":-0.0069720507599413399,"w":-0.9376968145370483},"size":15.587690353393555,"orthographic":false}