{"cameraMode":{"drawMode":0,"name":"Shaded","section":"Shading Mode"},"sceneLighting":true,"audioPlay":false,"sceneViewState":{"showFog":true,"showMaterialUpdate":true,"showSkybox":true,"showFlares":true,"showImageEffects":true,"showParticleSystems":true},"in2DMode":false,"pivot":{"x":41.29999923706055,"y":6.800000190734863,"z":-29.799999237060548},"rotation":{"x":0.4753035604953766,"y":0.0015926181804388762,"z":-0.0008699215250089765,"w":0.8798200488090515},"size":54.823368072509769,"orthographic":false}